label,L_qw,L_qx,L_qy,L_qz,L_f1,L_f2,L_f3,L_f4,L_f5,R_qw,R_qx,R_qy,R_qz,R_f1,R_f2,R_f3,R_f4,R_f5
A,0.013866666666666666,-0.49796666666666667,0.0694,-0.8643,0.0,1.0,0.8733,0.6954,0.0,0.6242333333333333,-0.46869999999999995,0.4163666666666666,-0.46613333333333334,1.0,1.0,1.0,0.2454,0.0
A,389.67636666666664,-0.12503333333333333,-0.11126666666666667,-0.4368666666666667,0.0,0.8212,1.0,1.0,0.0,590.7484000000001
A,0.03266666666666667,-0.6213,0.044333333333333336,257.0912333333333,0.0,0.291,1.0,1.0,1.0,0.5535333333333333,-0.46950000000000003,349.2789333333333,133.0229,1.0,1.0,1.0
A,0.016700000000000003,-0.501,0.06536666666666667,-0.8628,0.0,1.0,0.8687,0.7234,0.0038,0.6205333333333334,-0.47196666666666665,0.4194333333333333,-0.4650666666666667,0.9872,1.0,1.0,0.286,0.0
A,-0.15473333333333336,-0.3132,-0.24463333333333334,-0.5748333333333333,0.0,0.286,0.8786,1.0,1.0,0.25570000000000004,-0.1748333333333333,0.12560000000000002,352.35696666666666,1.0,1.0,1.0,0.0
A,-0.1543,-0.31383333333333335,-0.2452,-0.5747,0.0,0.2951,0.8794,1.0,1.0,0.25529999999999997,-0.17476666666666665,0.1263,345.6906333333333,1.0,1.0,1.0,0.0
A,-0.15346666666666667,-0.3143,-0.2456,-0.5745666666666667,0.0,0.2818,0.8744,0.9767,1.0,0.2548333333333333,-0.17463333333333333,0.12673333333333334,357.69070000000005,1.0,1.0,1.0,0.0
A,-0.27313333333333334,-0.3348333333333333,255.7082333333333,583.7585666666666,0.0,0.7353,1.0,1.0,1.0,0.2576,349.6846666666667,119.28153333333334,133.02393333333333,0.8841,1.0
A,0.021099999999999997,-0.5025333333333334,0.06210000000000001,-0.8620333333333333,0.0,1.0,0.863,0.74,0.0,0.6180666666666667,-0.47300000000000003,0.4230333333333333,-0.464,0.9959,1.0,1.0,0.2258,0.0
A,-0.1538,-0.3149,-0.24613333333333334,-0.5745,0.0,0.2751,0.8779,1.0,1.0,0.25356666666666666,-0.17403333333333335,0.12803333333333333,357.3570333333333,1.0,1.0,1.0,0.0
A,0.03386666666666666,-0.6224333333333334,0.04086666666666667,239.42533333333333,0.0,0.3093,1.0,1.0,1.0,0.5522,-0.4702,350.6166333333333,116.35646666666666,1.0,1.0,1.0
A,0.0335,-0.6225999999999999,0.0409,255.7587,0.0,0.3201,1.0,1.0,1.0,0.5521333333333334,-0.4703333333333333,361.2836333333333,115.02296666666666,1.0,1.0,1.0
A,0.018733333333333334,-0.5034666666666666,0.06143333333333333,-0.8616333333333334,0.0,1.0,0.8627,0.7452,0.0,0.6153333333333333,-0.4724,0.42616666666666664,-0.4654666666666667,1.0,1.0,1.0,0.2594,0.0
A,-0.15560000000000002,-0.3154,-0.24623333333333333,-0.5743,0.0,0.2851,0.8805,1.0,1.0,0.25253333333333333,-0.1727,0.12936666666666666,361.35636666666664,1.0,1.0,1.0,0.0
A,-0.1559,-0.3153,-0.2462,-0.5743,0.0,0.2784,0.8798,1.0,1.0,0.2526333333333333,-0.17253333333333334,0.12943333333333334,360.68980000000005,1.0,1.0,1.0,0.0
A,-0.15586666666666668,-0.3156,-0.2464333333333333,-0.5741999999999999,0.0,0.2743,0.8786,1.0,1.0,0.2527,-0.17236666666666667,0.12966666666666665,362.68993333333333,1.0,1.0,1.0,0.0
A,0.018466666666666666,-0.5043333333333333,0.06063333333333334,-0.8611666666666666,0.0,1.0,0.8627,0.754,0.0,0.6144333333333333,-0.4724,0.4277,-0.46513333333333334,0.9986,1.0,1.0,0.188,0.0
A,0.03253333333333334,-0.6233666666666666,0.0399,255.09263333333334,0.0,0.321,1.0,1.0,1.0,0.5520999999999999,-0.4700333333333333,362.2853666666667,105.02323333333334,1.0,1.0,1.0
A,0.0325,-0.6233666666666666,0.039733333333333336,256.75926666666663,0.0,0.3176,1.0,1.0,1.0,0.5517333333333333,-0.4703333333333333,345.9521666666667,105.02303333333333,1.0,1.0,1.0
A,0.018966666666666666,-0.5047666666666667,0.0594,-0.8610333333333333,0.0,1.0,0.8604,0.7514,0.0,0.6130666666666666,-0.4732,0.4283333333333334,-0.4656666666666667,1.0,1.0,1.0,0.2846,0.0
B,745.7383333333333,579.7626,347.08293333333336,0.8205,0.0,1.0,1.0,0.9202,1.0,367.5091333333333,504.92429999999996,350.3141333333333
B,-0.0472,-0.3626666666666667,0.03246666666666668,0.5658666666666666,0.0,0.0,0.4778,1.0,1.0,0.4713333333333334,-0.2518,-0.4701,412.43173333333334,1.0,1.0,1.0,0.419
B,0.10693333333333332,-0.3564333333333333,-0.37553333333333333,0.8488000000000001,0.0,0.416,0.2981,0.6736,0.6018,0.7636333333333333,-0.11343333333333333,-0.5289,-0.3525,0.823,0.0,1.0,0.0,0.866
B,-0.0479,-0.3630333333333333,0.032733333333333316,0.5658666666666666,0.0,0.0,0.4843,1.0,1.0,0.4710666666666667,-0.2519,-0.47046666666666664,404.09836666666666,1.0,1.0,1.0,0.4651
B,-0.04806666666666667,-0.3631,0.032999999999999995,0.5659333333333333,0.0,0.0,0.4828,1.0,1.0,0.47113333333333335,-0.25176666666666664,-0.47070000000000006,396.4318333333333,1.0,1.0,1.0,0.5533
B,-0.04866666666666667,-0.3636,0.03320000000000001,0.5657666666666666,0.0,0.0,0.4828,1.0,1.0,0.4708333333333334,-0.2517333333333333,-0.47123333333333334,402.76503333333335,1.0,1.0,1.0,0.4483
B,-0.04943333333333333,-0.3643,0.03306666666666669,0.5655333333333333,0.0,0.0,0.4824,1.0,1.0,0.4705333333333333,-0.25153333333333333,-0.4721333333333333,401.76486666666665,1.0,1.0,1.0,0.6359
B,-0.049800000000000004,-0.3646,0.03263333333333333,0.5653333333333334,0.0,0.0,0.4824,1.0,1.0,0.4704333333333333,-0.2517333333333333,-0.4725,406.7648,1.0,1.0,1.0,0.4945
B,0.3525666666666667,-0.23976666666666668,344.41653333333335,746.2319333333334,0.0,0.4143,1.0,1.0,1.0,0.38976666666666665,408.92586666666665,-0.35509999999999997,346.09796666666665,0.7469,1.0
B,-0.0496,-0.3647,0.032333333333333325,0.5652,0.0,0.0,0.4847,1.0,1.0,0.47026666666666667,-0.25146666666666667,-0.47300000000000003,413.43103333333335,1.0,1.0,1.0,0.6107
B,-0.054299999999999994,0.042733333333333325,-0.24996666666666667,346.2318333333333,0.0,0.0,0.7491,1.0,1.0,0.3297666666666667,-0.19223333333333334,409.64506666666665,-0.23596666666666666,0.9118,1.0,1.0
B,-0.049166666666666664,-0.365,0.03253333333333334,0.5651333333333334,0.0,0.0,0.4797,1.0,1.0,0.4699333333333333,-0.2516333333333333,-0.4732333333333334,417.76393333333334,1.0,1.0,1.0,0.4274
B,-0.04943333333333333,-0.3649,0.032666666666666656,0.5652,0.0,0.0,0.4824,1.0,1.0,0.4702,-0.2512666666666667,-0.47330000000000005,412.76416666666665,1.0,1.0,1.0,0.5099
B,-0.054666666666666676,0.04239999999999999,-0.2499,345.5651666666667,0.0,0.0,0.7487,1.0,1.0,0.32943333333333336,-0.19113333333333335,409.97783333333336,-0.2356,0.9008,1.0,1.0
B,-0.05013333333333333,-0.3654,0.032300000000000016,0.5649666666666667,0.0,0.0,0.4824,1.0,1.0,0.47056666666666674,-0.2507333333333333,-0.4734,410.4309333333333,1.0,1.0,1.0,0.5379
B,0.3527666666666667,-0.24023333333333333,340.74963333333335,746.8982666666667,0.0,0.4118,1.0,1.0,1.0,0.3892333333333333,411.2608666666667,-0.3554,347.09743333333336,0.7315,1.0
B,-0.05480000000000001,0.042333333333333334,-0.25023333333333336,345.2316666666666,0.0,0.0,0.7498,1.0,1.0,0.3297333333333333,-0.18976666666666667,419.31136666666663,-0.23593333333333333,0.9021,1.0,1.0
B,-0.04976666666666666,-0.36543333333333333,0.03213333333333335,0.5649000000000001,0.0,0.0,0.4786,1.0,1.0,0.4713666666666667,-0.24933333333333332,-0.47330000000000005,416.7638666666667,1.0,1.0,1.0,0.5085
B,-0.04999999999999999,-0.3656333333333333,0.031899999999999984,0.5648,0.0,0.0,0.4778,1.0,1.0,0.47116666666666673,-0.24923333333333333,-0.47363333333333335,423.0970333333333,1.0,1.0,1.0,0.5673
B,-0.055333333333333345,0.04183333333333331,-0.2506,345.56469999999996,0.0,0.0,0.7468,1.0,1.0,0.3292666666666667,-0.1895,420.97773333333333,-0.23626666666666665,0.8614,1.0,1.0
C,0.07746666666666667,-0.2938,-0.23853333333333335,0.9224,0.0,1.0,0.8934,0.3569,0.7325,0.7653666666666666,-0.19343333333333335,0.6125,0.039733333333333336,0.5132,0.0,0.0,0.0,0.0
C,0.35979999999999995,-0.19540000000000002,244.17493333333334,571.2818333333333,0.0,0.9496,1.0,1.0,1.0,0.5235,522.2048666666667,0.4084666666666667,0.02613333333333333,0.5245,1.0
C,0.07846666666666667,-0.2926666666666667,-0.23753333333333335,0.9228999999999999,0.0,1.0,0.8946,0.345,0.7385,0.7651666666666667,-0.19326666666666667,0.6128666666666667,0.039766666666666665,0.5129,0.0,0.0,0.0,0.0
C,-0.02776666666666666,0.1123,-0.15883333333333335,243.9484666666667,0.0,0.1526,1.0,1.0,1.0,0.7142333333333334,-0.11580000000000001,520.0753666666667,0.0266,1.0,1.0,1.0
C,0.3588,-0.19513333333333335,242.1748,571.2819666666667,0.0,0.9471,1.0,1.0,1.0,0.523,520.5369666666667,0.4089333333333333,0.026933333333333337,0.5319,1.0
C,-0.02823333333333333,0.11309999999999999,-0.1576,246.28236666666666,0.0,0.1501,1.0,1.0,1.0,0.7138666666666666,-0.11673333333333331,521.0756666666667,0.027066666666666666,1.0,1.0,1.0
C,-0.028000000000000008,0.11343333333333332,-0.1568,244.2827,0.0,0.1467,1.0,1.0,1.0,0.7137666666666668,-0.11696666666666666,512.0758,0.027,1.0,1.0,1.0
C,-0.04663333333333334,-0.27263333333333334,0.15203333333333335,0.6162333333333333,0.0,0.366,0.7943,0.8194,1.0,0.4437333333333333,0.07426666666666666,0.42286666666666667,511.69350000000003,1.0,0.0,1.0,0.1894
C,-0.04650000000000001,-0.2719666666666667,0.1525,0.6164666666666666,0.0,0.3526,0.7954,0.8101,1.0,0.44343333333333335,0.07409999999999999,0.4231333333333333,523.0270666666667,1.0,0.0,1.0,0.195
C,-0.027100000000000003,0.1145,-0.1555,244.28323333333333,0.0,0.1467,1.0,1.0,1.0,0.7136333333333335,-0.11699999999999999,519.743,0.0267,1.0,1.0,1.0
C,-0.04623333333333334,-0.2709333333333333,0.15343333333333334,0.6168,0.0,0.3593,0.7958,0.8169,1.0,0.4432666666666667,0.07433333333333335,0.42336666666666667,511.6936,1.0,0.0,1.0,0.2188
C,-0.026966666666666667,0.11510000000000002,-0.15493333333333334,242.9502,0.0,0.1476,1.0,1.0,1.0,0.7135333333333334,-0.11716666666666666,512.0765666666667,0.026766666666666664,1.0,1.0,1.0
C,-0.04669999999999999,-0.27113333333333334,0.15366666666666667,0.6168,0.0,0.3627,0.7939,0.8122,1.0,0.4432666666666667,0.0745,0.42323333333333335,522.0266666666666,1.0,0.0,1.0,0.1894
C,-0.046866666666666675,-0.2714666666666667,0.1537666666666667,0.6167333333333334,0.0,0.3602,0.792,0.8091,1.0,0.4433,0.07456666666666666,0.42336666666666667,511.6933333333333,1.0,0.0,1.0,0.188
C,0.07613333333333333,-0.29073333333333334,-0.23193333333333332,0.9251333333333335,0.0,1.0,0.8889,0.3154,0.6965,0.7628666666666667,-0.1957,0.6149333333333333,0.04003333333333333,0.5025,0.0,0.0,0.0,0.0
C,-0.04583333333333333,-0.2707333333333333,0.1544,0.6169333333333333,0.0,0.356,0.7924,0.8143,1.0,0.44333333333333336,0.07476666666666666,0.42346666666666666,517.3600666666667,1.0,0.0,1.0,0.1922
C,-0.04523333333333334,-0.2708333333333333,0.15483333333333335,0.6168666666666667,0.0,0.3585,0.7901,0.8106,1.0,0.44353333333333333,0.07503333333333333,0.42333333333333334,511.6932,1.0,0.0,1.0,0.293
C,-0.024699999999999996,0.11440000000000002,-0.15383333333333335,242.6168,0.0,0.095,1.0,1.0,1.0,0.7136,-0.11686666666666667,519.0767999999999,0.02666666666666667,1.0,1.0,1.0
C,-0.04399999999999999,-0.27033333333333337,0.15480000000000002,0.6169333333333333,0.0,0.3543,0.7893,0.8039,1.0,0.4435,0.07509999999999999,0.4235,511.6933333333333,1.0,0.0,1.0,0.2384
C,0.3622666666666667,-0.1932,245.17999999999998,572.2837000000001,0.0,0.9404,1.0,1.0,1.0,0.5218333333333333,511.53659999999996,0.41019999999999995,0.026933333333333337,0.5182,1.0
D,0.0070999999999999995,0.33286666666666664,0.32326666666666665,-0.8857666666666667,0.0,1.0,0.7662,0.1794,0.444,0.7946,-0.2688,-0.49456666666666665,-0.22763333333333333,0.0,0.0,0.0,0.5841,0.0
D,0.11249999999999999,-0.06893333333333333,0.2152333333333333,258.07753333333335,0.0,0.0,1.0,1.0,1.0,0.3620333333333334,-0.25303333333333333,888.3337,-0.15343333333333334,0.2922,1.0,1.0
D,0.006099999999999999,261.562,609.8827666666667,685.7456333333333,0.0,1.0,1.0,1.0,1.0,889.5258,-0.17626666666666668,-0.3357333333333334,441.1778,0.0
D,-0.2866,0.2303333333333333,260.55013333333335,607.0798666666667,0.0,0.8112,1.0,1.0,1.0,0.4460333333333333,890.8230333333332,-0.3369,-0.15703333333333333,0.0,1.0
D,0.1151,-0.06256666666666666,0.2168,260.08003333333335,0.0,0.0,1.0,1.0,1.0,0.35613333333333336,-0.25543333333333335,887.3300666666668,-0.15743333333333334,0.2895,1.0,1.0
D,0.11486666666666667,-0.06256666666666666,0.21636666666666668,259.0799,0.0,0.0,1.0,1.0,1.0,0.3565333333333333,-0.25493333333333335,888.9967333333334,-0.15716666666666668,0.2915,1.0,1.0
D,0.11546666666666666,-0.06230000000000002,0.2164,258.7466,0.0,0.0,1.0,1.0,1.0,0.3558666666666666,-0.2548666666666667,885.3294333333333,-0.15693333333333334,0.2859,1.0,1.0
D,0.11583333333333333,-0.06223333333333333,0.21613333333333332,258.7466,0.0,0.0,1.0,1.0,1.0,0.3555333333333333,-0.2541666666666667,889.6622333333333,-0.15636666666666665,0.2889,1.0,1.0
D,0.12370000000000002,0.33923333333333333,-0.07773333333333332,-0.5868,0.0,0.1901,0.6761,0.6891,1.0,0.43673333333333336,-0.3444,-0.416,888.8440999999999,0.2845,0.0,1.0,0.8123
D,0.11616666666666665,-0.06213333333333334,0.21546666666666667,257.41313333333335,0.0,0.0,1.0,1.0,1.0,0.35519999999999996,-0.2530666666666667,889.3282333333333,-0.15566666666666668,0.2885,1.0,1.0
D,0.11606666666666667,-0.0618,0.21503333333333333,260.0797333333333,0.0,0.0,1.0,1.0,1.0,0.3549333333333333,-0.25353333333333333,888.6617333333334,-0.15613333333333335,0.2859,1.0,1.0
D,0.12423333333333335,0.3393333333333333,-0.07896666666666668,-0.5869,0.0,0.1859,0.6757,0.6886,1.0,0.43670000000000003,-0.34426666666666667,-0.4166,887.1771333333332,0.2922,0.0,1.0,0.7997
D,0.12503333333333333,0.34003333333333335,-0.07883333333333335,-0.5866333333333333,0.0,0.1917,0.6773,0.6891,1.0,0.43603333333333333,-0.34453333333333336,-0.4177666666666667,886.843,0.2912,0.0,1.0,0.8039
D,0.12533333333333332,0.34063333333333334,-0.07866666666666668,-0.5864,0.0,0.1876,0.6769,0.6928,1.0,0.436,-0.34446666666666664,-0.4183666666666667,891.1762,0.2892,0.0,1.0,0.7689
D,0.11576666666666667,-0.06010000000000001,0.21420000000000003,258.74673333333334,0.0,0.0,1.0,1.0,1.0,0.35376666666666673,-0.253,889.9938999999999,-0.15716666666666668,0.2875,1.0,1.0
D,0.012699999999999998,0.35013333333333335,0.3207333333333333,-0.88,0.0,1.0,0.7654,0.1773,0.45,0.7856666666666666,-0.2608333333333333,-0.5091333333333333,-0.23549999999999996,0.0,0.0,0.0,0.6121,0.0
D,0.12526666666666667,0.34046666666666664,-0.07953333333333334,-0.5866,0.0,0.1876,0.6754,0.6871,1.0,0.4368,-0.34346666666666664,-0.418,890.5093333333333,0.2862,0.0,1.0,0.7759
D,0.1255,0.34073333333333333,-0.07966666666666666,-0.5865333333333334,0.0,0.1851,0.6776,0.6891,1.0,0.43703333333333333,-0.3430333333333333,-0.41830000000000006,886.1761666666666,0.2838,0.0,1.0,0.7633
D,0.013433333333333334,0.35166666666666674,0.3206,-0.8794333333333334,0.0,1.0,0.7684,0.1788,0.4335,0.7853,-0.2594,-0.5102666666666666,-0.23583333333333334,0.0,0.0,0.0,0.6191,0.0
D,0.1265,0.3416333333333333,-0.07993333333333331,-0.5862999999999999,0.0,0.1826,0.675,0.686,1.0,0.43693333333333334,-0.3432,-0.41900000000000004,889.8429,0.2925,0.0,1.0,0.7437
E,0.06026666666666666,0.7872333333333333,-0.4396,0.42826666666666674,0.0,1.0,0.8467,0.0148,0.8723,0.9488,0.006599999999999999,-0.08673333333333333,-0.3037666666666667,0.0,0.0203,0.0,0.6793,0.7825
E,0.1839333333333333,0.525,254.37416666666664,587.9523,0.0,0.9221,1.0,1.0,1.0,0.5319333333333334,891.6706666666668,2.2757666666666667,-0.20156666666666667,0.0,1.0
E,0.06153333333333333,0.7875333333333333,-0.4384666666666666,0.42860000000000004,0.0,1.0,0.8387,0.0091,0.8888,0.9495,0.005233333333333333,-0.08700000000000001,-0.3014666666666667,0.0,0.0342,0.0,0.5141,0.2817
E,0.061766666666666664,0.7878,-0.4378,0.42883333333333334,0.0,1.0,0.8418,0.0153,0.8768,0.9498000000000001,0.005066666666666666,-0.0873,-0.30033333333333334,0.0,0.0228,0.0,0.4973,0.0794
E,0.3045333333333334,0.37956666666666666,-0.1484,0.2860333333333333,0.0,0.2818,0.6841,0.6346,1.0,0.6351333333333333,-0.025833333333333333,-0.158,893.1342333333333,0.2161,0.2458,1.0,0.7073
E,0.3052333333333333,0.3797,-0.14706666666666665,0.28719999999999996,0.0,0.2793,0.6849,0.6305,1.0,0.6356666666666667,-0.025833333333333333,-0.15803333333333333,869.1351666666666,0.2815,0.318,1.0,0.4945
E,0.30556666666666665,0.38000000000000006,-0.14526666666666668,0.2886666666666667,0.0,0.2659,0.6818,0.6237,1.0,0.6359,-0.025733333333333334,-0.158,908.1359333333334,0.1159,1.0,1.0,0.8655
E,-0.10133333333333333,0.6693666666666666,-0.289,253.95556666666667,0.0,0.0,1.0,1.0,1.0,0.6045666666666667,-0.0949,901.2741666666667,167.46966666666665,0.2595,1.0,1.0
E,-0.10093333333333332,0.6694333333333332,-0.2891666666666666,253.28846666666666,0.0,0.0,1.0,1.0,1.0,0.6047333333333333,-0.09449999999999999,897.9413,252.803,0.2688,1.0,1.0
E,0.06563333333333334,0.7877,-0.4343333333333333,0.43196666666666667,0.0,1.0,0.8281,0.0029,0.8798,0.9512,0.0063,-0.08750000000000001,-0.29573333333333335,0.0,1.0,0.0,0.3168,0.0
E,0.3061,0.38009999999999994,-0.1465,0.28736666666666666,0.0,0.2601,0.6784,0.6263,1.0,0.6363333333333333,-0.024333333333333332,-0.15663333333333332,886.8024666666666,0.0281,1.0,1.0,0.1754
E,0.3061,0.3791666666666667,-0.1476333333333333,0.28723333333333334,0.0,0.2659,0.6746,0.6268,1.0,0.6362333333333333,-0.024333333333333335,-0.15706666666666666,909.8024,0.0,1.0,1.0,0.0158
E,0.3062333333333333,0.37810000000000005,-0.1485,0.28726666666666667,0.0,0.2576,0.6746,0.6206,1.0,0.6365,-0.024366666666666665,-0.15710000000000002,915.8026333333333,0.0,1.0,1.0,0.0
E,0.3058,0.37706666666666666,-0.14930000000000002,0.28753333333333336,0.0,0.2634,0.6742,0.6243,1.0,0.6364333333333333,-0.024666666666666667,-0.1579,913.4696333333333,0.0,1.0,1.0,0.0
E,-0.10260000000000001,0.6668666666666666,-0.29336666666666666,252.95483333333334,0.0,0.0,1.0,1.0,1.0,0.6042,-0.09333333333333332,922.6066333333333,306.8034,0.2334,1.0,1.0
E,0.06596666666666667,0.7839,-0.4405666666666666,0.4325666666666666,0.0,1.0,0.8247,0.0018,0.8693,0.9513333333333334,0.008633333333333333,-0.0906,-0.2944333333333333,0.0,1.0,1.0,0.1166,0.0
E,0.30516666666666664,0.37516666666666665,-0.14986666666666668,0.28863333333333335,0.0,0.2568,0.6716,0.6217,1.0,0.6373333333333334,-0.023966666666666667,-0.15846666666666667,915.4704666666667,0.0,1.0,1.0,0.0
E,-0.10283333333333333,0.6663333333333333,-0.2946,254.28853333333333,0.0,0.0,1.0,1.0,1.0,0.6040666666666666,-0.09149999999999998,913.6065666666667,359.1369666666667,0.2298,1.0,1.0
E,-0.10306666666666668,0.6659,-0.2952666666666667,255.28836666666666,0.0,0.0,1.0,1.0,1.0,0.6041,-0.09143333333333332,929.6066999999999,368.1366,0.2051,1.0,1.0
E,-0.10306666666666668,0.6655666666666668,-0.29573333333333335,255.6217333333333,0.0,0.0,1.0,1.0,1.0,0.604,-0.0916,921.6065333333332,380.13629999999995,0.1647,1.0,1.0
F,272.47836666666666,781.6362,715.7609000000001,345.3098,0.0,1.0,1.0,1.0,0.0,0.6169333333333333,0.016133333333333333,426.0197333333333,151.41526666666667
F,0.21719999999999998,-0.04613333333333333,0.14113333333333333,0.9648,0.0,0.9404,0.1743,0.0439,0.6258,0.9255666666666666,0.0244,0.028766666666666666,-0.37670000000000003,0.0,0.0,0.0,0.9075,1.0
F,0.21696666666666667,-0.04583333333333334,0.1413,0.9648,0.0,0.9562,0.1708,0.0454,0.6198,0.9256333333333333,0.0243,0.0292,-0.37656666666666666,0.0,0.0,0.0,0.9831,1.0
F,0.21676666666666666,-0.04576666666666667,0.14186666666666667,0.9647666666666667,0.0,0.9654,0.175,0.0454,0.6183,0.9255666666666666,0.02413333333333333,0.029233333333333333,-0.37653333333333333,0.0,0.0,0.0,1.0,1.0
F,0.21633333333333335,-0.04546666666666666,0.14259999999999998,0.9648,0.0,0.9621,0.1708,0.0433,0.6183,0.9255,0.024233333333333332,0.029333333333333333,-0.37666666666666665,0.0,0.0,0.0,1.0,1.0
F,0.21613333333333332,-0.0458,0.14296666666666666,0.9647333333333333,0.0,0.9596,0.1727,0.047,0.6649,0.9255666666666666,0.024033333333333334,0.029133333333333334,-0.3766333333333333,0.0,0.0,0.0,1.0,1.0
F,0.12866666666666668,0.017266666666666666,0.41733333333333333,0.6431333333333333,0.0,0.0,0.2453,0.6196,1.0,0.625,0.025466666666666665,-0.10596666666666667,838.7491,0.375,0.0,1.0,1.0
F,0.1438,271.9692333333333,781.7624666666667,715.9764666666666,0.0,1.0,1.0,1.0,1.0,848.2839,0.0152,0.0194,392.0826333333334,0.2762
F,0.12826666666666667,0.017733333333333334,0.41783333333333333,0.6432,0.0,0.0,0.2453,0.6237,1.0,0.6246999999999999,0.024933333333333335,-0.1054,839.7492000000001,0.3807,0.0,1.0,1.0
F,0.1285,0.017633333333333338,0.4176333333333333,0.6431333333333333,0.0,0.0,0.2461,0.6211,1.0,0.6247999999999999,0.0251,-0.10570000000000002,831.4158000000001,0.392,0.0,1.0,1.0
F,0.12876666666666667,0.017733333333333334,0.4175,0.6431333333333333,0.0,0.0,0.2476,0.6191,1.0,0.6247666666666666,0.0252,-0.10553333333333335,837.0824666666667,0.3917,0.0,1.0,1.0
F,0.19193333333333332,0.2916666666666667,0.09586666666666667,273.9764666666667,0.0,0.0,0.6719,1.0,1.0,0.6272,-0.11016666666666668,837.0198666666666,-0.25079999999999997,0.388,1.0,1.0
F,0.21633333333333335,-0.04476666666666667,0.1441,0.9646,0.0,0.9637,0.1743,0.0459,0.6258,0.9258000000000001,0.022500000000000003,0.02996666666666667,-0.37609999999999993,0.0,0.0,0.0,1.0,1.0
F,0.19246666666666665,0.2917666666666667,0.09620000000000001,272.643,0.0,0.0,0.6697,1.0,1.0,0.6274333333333334,-0.11053333333333333,839.0201333333333,-0.25043333333333334,0.3743,1.0,1.0
F,0.1295333333333333,0.01843333333333334,0.41773333333333335,0.643,0.0,0.0,0.2491,0.6196,1.0,0.6247666666666667,0.02476666666666667,-0.10476666666666667,842.4164999999999,0.376,0.0,1.0,1.0
F,0.21703333333333333,-0.044533333333333334,0.1443,0.9644,0.0,0.9654,0.1712,0.0408,0.6664,0.9263,0.021833333333333333,0.0313,-0.3748666666666667,0.0,0.0,0.0,1.0,1.0
F,0.21729999999999997,-0.044233333333333326,0.1447,0.9643,0.0,0.9662,0.1758,0.0402,0.6424,0.9263,0.0219,0.0322,-0.3746,0.0,0.0,0.0,1.0,1.0
F,0.2175,-0.043800000000000006,0.14516666666666667,0.9642,0.0,0.9629,0.1762,0.0413,0.6439,0.9264,0.021400000000000002,0.03286666666666666,-0.3746,0.0,0.0,0.0,1.0,1.0
F,0.2179333333333333,-0.043366666666666664,0.1453,0.9641333333333333,0.0,0.9621,0.1807,0.048,0.6063,0.9265,0.021433333333333332,0.03266666666666667,-0.3742666666666667,0.0,0.0,0.0,1.0,1.0
F,0.2182333333333333,-0.0439,0.14553333333333332,0.964,0.0,0.9696,0.1826,0.0444,0.6349,0.9265,0.021500000000000002,0.032433333333333335,-0.3741999999999999,0.0,0.0,0.0,1.0,1.0
G,0.08533333333333333,0.5027,-0.23933333333333331,0.8262666666666667,0.0,1.0,0.7669,0.7379,0.9023,0.7528,-0.5892,0.10913333333333335,-0.2725,0.8347,1.0,1.0,0.0,0.0
G,-0.0224,0.6102333333333333,-0.16046666666666667,257.21729999999997,0.0,0.311,1.0,1.0,1.0,0.5391,-0.4827333333333333,409.07383333333337,191.48413333333335,0.9962,1.0,1.0
G,-0.0217,0.6098333333333333,-0.16116666666666665,258.88383333333337,0.0,0.2476,1.0,1.0,1.0,0.5397,-0.4821,416.74129999999997,188.14933333333332,1.0,1.0,1.0
G,0.08949999999999998,0.5009666666666667,-0.24206666666666665,0.8261,0.0,1.0,0.757,0.7338,0.9008,0.7537333333333334,-0.5850333333333333,0.11256666666666666,-0.27730000000000005,0.854,1.0,1.0,0.0,0.0
G,0.3354333333333333,0.33346666666666663,253.50469999999999,612.2174666666666,0.0,0.9462,1.0,1.0,1.0,0.40936666666666666,401.2766,176.0753,275.4809666666667,0.7565,1.0
G,0.3357333333333334,0.3333333333333333,258.8378,612.2174666666666,0.0,0.9129,1.0,1.0,1.0,0.40940000000000004,388.9439333333333,158.07533333333333,271.8138333333333,0.7562,1.0
G,-0.020866666666666662,0.6088666666666667,-0.16206666666666666,258.2174333333333,0.0,0.2368,1.0,1.0,1.0,0.5402,-0.48246666666666665,389.07526666666666,177.81393333333332,1.0,1.0,1.0
G,0.22716666666666666,0.2526333333333333,0.11319999999999998,0.5506,0.0,0.2084,0.8099,1.0,1.0,0.30770000000000003,-0.35266666666666663,-0.01826666666666667,395.4816,1.0,1.0,1.0,0.0704
G,0.09046666666666665,0.5006333333333334,-0.24273333333333333,0.826,0.0,1.0,0.7745,0.7369,0.8768,0.754,-0.5853666666666667,0.11076666666666668,-0.2767,0.9238,1.0,1.0,0.0,0.0
G,-0.02086666666666667,0.6091333333333333,-0.1613,259.55086666666665,0.0,0.3035,1.0,1.0,1.0,0.5394666666666666,-0.48246666666666665,370.40646666666663,115.48263333333334,1.0,1.0,1.0
G,0.08983333333333333,0.5007666666666667,-0.24133333333333332,0.8264333333333335,0.0,1.0,0.7536,0.739,0.8588,0.7541666666666668,-0.5856,0.10913333333333335,-0.27646666666666664,0.9542,0.8589,1.0,0.0,0.0
G,0.22673333333333334,0.25323333333333337,0.11553333333333331,0.5513666666666667,0.0,0.1909,0.7988,1.0,1.0,0.30693333333333334,-0.35463333333333336,-0.020199999999999996,364.81510000000003,1.0,1.0,1.0,0.2734
G,0.33613333333333334,0.33316666666666667,259.50693333333334,612.8849666666666,0.0,0.9029,1.0,1.0,1.0,0.4101333333333333,327.2758666666667,0.07093333333333333,242.8152,0.9084,1.0
G,0.22696666666666668,0.25376666666666664,0.1165,0.5516,0.0,0.2076,0.8243,1.0,1.0,0.3070333333333333,-0.35533333333333333,-0.021599999999999994,329.4818666666667,1.0,0.8905,1.0,0.6373
G,0.22729999999999997,0.25399999999999995,0.11653333333333334,0.5514666666666667,0.0,0.1534,0.7996,1.0,1.0,0.30713333333333337,-0.3553,-0.021433333333333332,334.1483666666667,1.0,0.9273,1.0,0.5841
G,-0.019133333333333336,0.6096666666666667,-0.1591,261.88466666666665,0.0,0.2976,1.0,1.0,1.0,0.5382,-0.4831666666666667,331.0713666666667,-0.18523333333333333,1.0,1.0,1.0
G,0.09063333333333334,0.5010333333333333,-0.2386,0.8269666666666667,0.0,1.0,0.7483,0.7255,0.8588,0.7533333333333333,-0.5861666666666667,0.1074,-0.27826666666666666,1.0,0.0,1.0,0.3602,0.1477
G,0.33626666666666666,0.33413333333333334,255.50743333333332,613.8844666666666,0.0,0.8995,1.0,1.0,1.0,0.4092,303.27590000000004,0.07193333333333334,243.14756666666665,0.9906,1.0
G,-0.019199999999999995,0.6102333333333333,-0.15863333333333332,254.88436666666666,0.0,0.2835,1.0,1.0,1.0,0.5384666666666668,-0.4832,291.7388,-0.1856,1.0,1.0,1.0
G,0.08966666666666667,0.5023,-0.23753333333333335,0.8265666666666668,0.0,1.0,0.7502,0.7255,0.8933,0.7536999999999999,-0.5856,0.108,-0.2781,1.0,0.0,1.0,0.4735,0.3677
I,0.03553333333333333,-0.055433333333333334,0.4991333333333334,-0.864,0.0,1.0,0.7407,0.0,0.6018,0.7565333333333334,-0.18810000000000002,0.6198333333333333,0.08976666666666666,0.5586,0.0,0.0,0.0,0.0
I,0.03493333333333334,-0.055233333333333336,0.4985,-0.8644,0.0,1.0,0.7381,0.0,0.5928,0.7553666666666666,-0.1892,0.6207,0.0912,0.5693,0.0,0.0,0.0,0.0
I,0.0038,0.12813333333333335,0.042633333333333336,-0.5770333333333334,0.0,0.1342,0.6074,0.5734,1.0,0.4397,0.08086666666666668,0.44510000000000005,489.3941333333333,1.0,0.0,1.0,0.4036
I,-0.26653333333333334,-0.03833333333333333,267.9973,615.7561333333333,0.0,0.8037,1.0,1.0,1.0,0.5326333333333334,492.8743666666667,0.4153,0.05993333333333334,0.5846,1.0
I,0.0022999999999999987,0.1265,0.041233333333333344,-0.5776,0.0,0.1401,0.6085,0.5739,1.0,0.4391666666666667,0.0827,0.4461333333333333,508.3928,1.0,0.0,1.0,0.4344
I,0.1864,-0.328,0.32953333333333334,266.42220000000003,0.0,0.0,1.0,1.0,1.0,0.7098666666666666,-0.09549999999999999,501.0833,0.05983333333333333,1.0,1.0,1.0
I,0.18653333333333333,-0.32826666666666665,0.32916666666666666,267.08866666666665,0.0,0.0,1.0,1.0,1.0,0.7099333333333333,-0.09533333333333334,496.0834333333333,0.05959999999999999,1.0,1.0,1.0
I,0.03353333333333333,-0.06016666666666667,0.4931666666666667,-0.8672333333333334,0.0,1.0,0.7354,0.0,0.6138,0.7519,-0.18889999999999998,0.6251333333333333,0.0903,0.591,0.0,0.0,0.0704,0.0
I,0.03406666666666667,-0.06116666666666667,0.49193333333333333,-0.8678333333333333,0.0,0.9846,0.732,0.0034,0.695,0.7517666666666667,-0.1903,0.6248,0.09103333333333334,0.595,0.0,0.0,0.0242,0.0
I,0.002733333333333333,0.12243333333333334,0.03786666666666668,-0.5788333333333333,0.0,0.1125,0.6009,0.5687,1.0,0.43726666666666664,0.08116666666666666,0.4472,501.0607333333333,1.0,0.0,1.0,0.4973
I,0.0028666666666666654,0.12183333333333334,0.03743333333333332,-0.5790000000000001,0.0,0.0542,0.6237,0.5739,1.0,0.4371,0.0812,0.4473,484.3940666666667,1.0,0.0,1.0,0.4735
I,0.18713333333333335,-0.3312333333333333,0.32680000000000003,265.4209333333333,0.0,0.0,1.0,1.0,1.0,0.7092666666666666,-0.09663333333333333,491.75033333333334,0.0605,1.0,1.0,1.0
I,0.03516666666666667,-0.0617,0.4901333333333333,-0.8687666666666667,0.0,1.0,0.7301,0.0,0.6108,0.7515000000000001,-0.18866666666666668,0.6258,0.08946666666666665,0.6,0.0,0.0,0.0116,0.0
I,0.0028333333333333314,0.12290000000000001,0.03739999999999999,-0.5791333333333334,0.0,0.1075,0.5998,0.5703,1.0,0.4385666666666667,0.0838,0.44703333333333334,485.7257333333334,1.0,0.0,1.0,0.4358
I,0.0030333333333333323,0.12320000000000002,0.03720000000000001,-0.5792,0.0,0.1259,0.602,0.5604,1.0,0.4389,0.08426666666666666,0.4468666666666667,490.7253666666666,1.0,0.0,1.0,0.4931
I,0.03513333333333333,-0.0605,0.4902333333333333,-0.8687999999999999,0.0,1.0,0.7301,0.0,0.6108,0.7521,-0.18583333333333332,0.6262,0.08733333333333333,0.6,0.0,0.0,0.0396,0.0
I,0.003700000000000002,0.12346666666666667,0.0373,-0.5792,0.0,0.1267,0.5967,0.5677,1.0,0.43933333333333335,0.08516666666666665,0.4469666666666667,487.3916,1.0,0.0,1.0,0.5435
I,618.0242333333333,731.2929666666668,346.99353333333335,-0.32853333333333334,0.0,1.0,1.0,0.3444,1.0,0.5012,485.20986666666664,393.08453333333335
I,0.0368,-0.06096666666666667,0.4901333333333333,-0.8687666666666667,0.0,1.0,0.7305,0.0,0.6183,0.7513666666666666,-0.1853,0.6272,0.0878,0.6016,0.0,0.0,0.0662,0.0
I,0.1885,-0.3303,0.3269,262.42096666666663,0.0,0.0,1.0,1.0,1.0,0.71,-0.09430000000000001,494.41816666666665,0.05843333333333334,1.0,1.0,1.0
L,0.4573666666666667,-0.5526666666666666,-0.2167,0.6621333333333334,0.0,1.0,0.7529,0.0112,0.5657,0.7580333333333332,-0.15966666666666665,0.6263333333333333,0.08700000000000001,0.5843,0.0,0.0,0.0172,0.0
L,0.23229999999999998,-0.14839999999999998,-0.14436666666666667,257.44120000000004,0.0,0.0,1.0,1.0,1.0,0.7140666666666666,-0.0774,500.75113333333337,0.057633333333333335,1.0,1.0,1.0
L,0.11973333333333332,-0.44133333333333336,0.07663333333333334,0.4413,0.0,0.1742,0.6264,0.5988,1.0,0.45193333333333335,0.10283333333333333,0.44659999999999994,496.3903,1.0,0.0,1.0,0.3966
L,0.11950000000000001,-0.4411,0.07713333333333332,0.4416,0.0,0.1842,0.6203,0.5993,1.0,0.4521,0.10323333333333333,0.4466666666666667,499.7232333333333,1.0,0.0,1.0,0.2916
L,0.11933333333333335,-0.4411,0.07696666666666666,0.4417,0.0,0.1842,0.6252,0.5988,1.0,0.4521333333333333,0.10356666666666668,0.4465666666666667,490.7230666666667,1.0,0.0,1.0,0.293
L,0.4560666666666667,-0.5535666666666667,-0.2165,0.6623666666666667,0.0,1.0,0.7506,0.0106,0.5928,0.7577333333333334,-0.15756666666666666,0.6276333333333334,0.08443333333333335,0.5646,0.0,0.0,0.0,0.0
L,0.4564,-0.5535333333333333,-0.21766666666666667,0.6617,0.0,1.0,0.7232,0.0413,0.5853,0.7578333333333335,-0.1575,0.6274333333333333,0.0848,0.5516,0.0,0.0,0.0,0.0
L,0.23123333333333332,-0.14816666666666667,-0.1455,257.10813333333334,0.0,0.0,1.0,1.0,1.0,0.7145666666666667,-0.0765,490.7513666666667,0.056566666666666675,1.0,1.0,1.0
L,0.11896666666666667,-0.4417,0.07496666666666667,0.44166666666666665,0.0,0.1926,0.6222,0.5999,1.0,0.45330000000000004,0.10400000000000002,0.44603333333333334,511.72343333333333,1.0,0.0,1.0,0.2636
L,0.23006666666666667,-0.14769999999999997,-0.14613333333333334,258.7753333333333,0.0,0.0,1.0,1.0,1.0,0.7147,-0.07646666666666667,506.0841666666667,0.056566666666666675,1.0,1.0,1.0
L,0.4540666666666667,-0.5522666666666667,-0.2192333333333333,0.6638666666666667,0.0,1.0,0.7487,0.0138,0.5928,0.759,-0.15703333333333333,0.6262,0.08453333333333334,0.5459,0.0,0.0,0.0,0.0
L,0.1185,-0.4409,0.07513333333333334,0.4429,0.0,0.1734,0.6256,0.5936,1.0,0.45396666666666663,0.10469999999999997,0.4457,506.3896666666667,1.0,0.0,1.0,0.1404
L,0.11976666666666669,-0.4409,0.07503333333333333,0.44226666666666664,0.0,0.1901,0.6279,0.5983,1.0,0.45426666666666665,0.1052,0.44576666666666664,509.3895333333333,1.0,0.0,1.0,0.139
L,0.12033333333333333,-0.44029999999999997,0.0755,0.4424333333333333,0.0,0.1867,0.621,0.5936,1.0,0.45439999999999997,0.10540000000000001,0.4457,506.38926666666663,1.0,0.0,1.0,0.1544
L,0.45680000000000004,-0.5499333333333333,-0.2182666666666667,0.6643,0.0,1.0,0.7483,0.0112,0.5928,0.7594666666666666,-0.1551,0.6262666666666666,0.08363333333333334,0.5115,0.0,0.0,0.0,0.0
L,0.12233333333333334,-0.43906666666666666,0.07553333333333333,0.44239999999999996,0.0,0.1792,0.621,0.6009,1.0,0.4552333333333333,0.1049666666666667,0.4445666666666666,511.7222,1.0,0.0,1.0,0.041
L,0.23293333333333333,-0.1445,-0.14563333333333334,261.4426,0.0,0.0,1.0,1.0,1.0,0.7147,-0.07653333333333333,512.0836333333333,0.057133333333333335,1.0,1.0,1.0
L,0.23396666666666666,-0.1441,-0.14463333333333334,243.44276666666667,0.0,0.0,1.0,1.0,1.0,0.7147333333333333,-0.0752,510.0842666666667,0.056900000000000006,1.0,1.0,1.0
L,0.4607333333333334,-0.5477333333333333,-0.21696666666666667,0.6638000000000001,0.0,1.0,0.7453,0.0153,0.5567,0.7602666666666668,-0.15316666666666667,0.6259333333333333,0.0823,0.4962,0.0,0.0,0.0,0.0
L,0.46163333333333334,-0.5474,-0.21619999999999998,0.6637,0.0,1.0,0.7441,0.0044,0.5718,0.7595666666666667,-0.1542,0.6263333333333333,0.0835,0.5245,0.0,0.0,0.0,0.0
M,0.19663333333333333,0.06846666666666668,-0.8057333333333333,0.5545333333333333,0.0,0.0,0.2031,0.0023,0.5297,0.7830666666666667,-0.11813333333333333,-0.289,-0.5378666666666666,0.0,0.0,1.0,0.5407,1.0
M,0.15506666666666666,-0.22299999999999998,-0.3525666666666667,0.3691333333333333,0.0,0.0,0.2582,0.5858,1.0,0.48219999999999996,-0.17556666666666665,-0.3716,766.9742333333334,0.5222,0.7955,1.0,1.0
M,0.15606666666666666,-0.22303333333333333,-0.35246666666666665,0.36906666666666665,0.0,0.0,0.2586,0.5786,1.0,0.4817666666666667,-0.1761,-0.3715,758.6407666666668,0.5292,0.7791,1.0,1.0
M,0.2011666666666667,0.0681,-0.8052333333333334,0.5536,0.0,0.0042,0.2145,0.0029,0.5612,0.7823666666666668,-0.12106666666666667,-0.2876666666666667,-0.5389333333333334,0.0,0.0,1.0,0.4903,1.0
M,0.15696666666666667,-0.22293333333333334,-0.3521000000000001,0.3692,0.0,0.0,0.2635,0.5848,1.0,0.4811,-0.17663333333333334,-0.3717,764.6406000000001,0.5329,0.7537,1.0,1.0
M,0.20186666666666667,0.06776666666666666,-0.8046666666666665,0.5542,0.0,0.0075,0.2195,0.0044,0.5567,0.7822,-0.12120000000000002,-0.28826666666666667,-0.5389333333333334,0.0,0.0,1.0,0.4861,1.0
M,-0.1333,0.22970000000000002,-0.5362666666666667,402.0363333333333,0.0,0.0,0.6955,1.0,1.0,0.4250666666666667,-0.2602,763.1406000000001,-0.35916666666666663,0.3196,1.0,1.0
M,0.15686666666666668,-0.22353333333333336,-0.35103333333333336,0.3701666666666667,0.0,0.0,0.2673,0.5848,1.0,0.48090000000000005,-0.17700000000000002,-0.37283333333333335,753.9742333333334,0.5499,0.7499,1.0,1.0
M,-0.1337,0.2295,-0.5362333333333333,396.70329999999996,0.0,0.0,0.6928,1.0,1.0,0.42463333333333336,-0.2594,750.1399333333334,-0.3591,0.3353,1.0,1.0
M,0.15746666666666667,-0.2242666666666667,-0.3514333333333333,0.36966666666666664,0.0,0.0,0.2662,0.5853,1.0,0.48123333333333335,-0.17633333333333334,-0.3727666666666667,751.6406000000001,0.5419,0.7094,1.0,1.0
M,0.2033,0.066,-0.8039,0.5550333333333334,0.0,0.0192,0.2199,0.0086,0.5402,0.7818999999999999,-0.11963333333333333,-0.2897,-0.5389,0.0,0.0,1.0,0.5673,1.0
M,0.2031333333333333,0.06576666666666665,-0.8034333333333333,0.5557666666666666,0.0,0.0534,0.224,0.0101,0.5552,0.7817666666666666,-0.12023333333333334,-0.28983333333333333,-0.5389,0.0,0.0,1.0,0.6009,1.0
M,-0.13226666666666667,0.22916666666666666,-0.5354,397.37083333333334,0.0,0.0,0.6936,1.0,1.0,0.4245333333333334,-0.25986666666666663,750.8065333333334,-0.3590333333333333,0.3546,1.0,1.0
M,0.15663333333333332,-0.22396666666666668,-0.3497666666666667,0.3712,0.0,0.0,0.2753,0.5864,1.0,0.4811,-0.1771,-0.3731333333333333,752.6411333333334,0.5449,0.717,1.0,1.0
M,0.15666666666666668,-0.2236,-0.3495333333333333,0.3713666666666667,0.0,0.0,0.2776,0.591,1.0,0.48146666666666665,-0.17703333333333335,-0.37279999999999996,760.6415666666667,0.5586,0.7436,1.0,1.0
M,0.15663333333333332,-0.2225,-0.34900000000000003,0.37179999999999996,0.0,0.0,0.2791,0.5864,1.0,0.4819333333333333,-0.1769666666666667,-0.37246666666666667,762.3089,0.5392,0.7183,1.0,1.0
M,0.15663333333333332,-0.22186666666666666,-0.3482,0.3725333333333333,0.0,0.0,0.2765,0.591,1.0,0.4825333333333333,-0.17683333333333331,-0.3723,758.6430999999999,0.5389,0.717,1.0,1.0
M,0.1566,-0.2215,-0.34813333333333335,0.3726,0.0,0.0,0.2715,0.5869,1.0,0.48293333333333327,-0.17693333333333336,-0.37213333333333337,758.977,0.5506,0.7107,1.0,1.0
M,0.1564,-0.22096666666666664,-0.34836666666666666,0.37246666666666667,0.0,0.0,0.2708,0.5936,1.0,0.4835666666666667,-0.17653333333333335,-0.3718333333333333,753.3108666666667,0.5529,0.6904,1.0,1.0
M,0.15703333333333333,-0.2205,-0.3483,0.3724,0.0,0.0,0.2761,0.5848,1.0,0.48396666666666666,-0.1764,-0.37126666666666663,763.9778666666666,0.5613,0.7499,1.0,1.0
O,0.3836,-0.5238333333333333,-0.33066666666666666,0.6849,0.0,0.4535,0.3483,0.6673,0.9609,0.7661000000000001,-0.1878,0.6058,0.10423333333333333,0.5362,0.0,0.0,0.4805,0.0
O,0.08036666666666666,-0.4598,0.00826666666666668,0.45683333333333337,0.0,0.0,0.512,1.0,1.0,0.44773333333333337,0.0765,0.4389,510.0697,1.0,0.0,1.0,0.6149
O,0.08010000000000002,-0.45983333333333337,0.008666666666666675,0.45683333333333337,0.0,0.0,0.5154,1.0,1.0,0.4479,0.07646666666666667,0.4386333333333334,518.4027333333333,1.0,0.0,1.0,0.6275
O,0.07833333333333332,-0.46213333333333334,0.005933333333333328,0.4552,0.0,0.0,0.5139,1.0,1.0,0.44803333333333334,0.077,0.4388,511.7357666666667,1.0,0.0,1.0,0.6107
O,0.07710000000000002,-0.4630666666666667,0.0047666666666666595,0.4550666666666667,0.0,0.0,0.5173,1.0,1.0,0.4478666666666667,0.07686666666666665,0.43883333333333335,523.0693333333334,1.0,0.0,1.0,0.5267
O,0.37810000000000005,-0.5280666666666667,-0.33590000000000003,0.6822333333333334,0.0,0.4252,0.349,0.6616,0.9354,0.7662666666666667,-0.1867,0.6061333333333333,0.1028,0.5312,0.0,0.0,0.3798,0.0
O,0.3774,-0.5279666666666667,-0.3374,0.6820333333333334,0.0,0.4293,0.3464,0.659,0.9459,0.7661333333333333,-0.18600000000000003,0.6065666666666667,0.1024,0.5372,0.0,0.0,0.3504,0.0
O,0.37670000000000003,-0.5275,-0.33816666666666667,0.6822666666666667,0.0,0.4594,0.3448,0.6601,0.9279,0.7662,-0.1862,0.6064,0.10246666666666666,0.5346,0.0,0.0,0.3966,0.0
O,0.13749999999999998,-0.1243333333333333,-0.22633333333333336,341.4547,0.0,0.0,0.8137,1.0,1.0,0.7128666666666668,-0.09033333333333333,512.0708666666667,0.0685,1.0,1.0,1.0
O,0.1368,-0.12456666666666667,-0.22716666666666666,341.45436666666666,0.0,0.0,0.8125,1.0,1.0,0.7127666666666667,-0.0909,518.0706,0.06886666666666667,1.0,1.0,1.0
O,0.3751333333333333,-0.5270333333333334,-0.3417333333333333,0.6817666666666667,0.0,0.451,0.3456,0.7006,0.9249,0.7657333333333334,-0.18910000000000002,0.6057666666666667,0.10446666666666667,0.5205,0.0,0.0,0.307,0.0
O,0.07443333333333334,-0.46470000000000006,-0.0004666666666666523,0.4550666666666667,0.0,0.0,0.515,1.0,1.0,0.4477,0.07573333333333336,0.43836666666666674,520.7360666666667,1.0,0.0203,1.0,0.5113
O,0.1358,-0.12269999999999999,-0.22813333333333333,344.12196666666665,0.0,0.0,0.811,1.0,1.0,0.7123333333333334,-0.09149999999999998,526.7370666666667,0.06986666666666667,1.0,1.0,1.0
O,0.3749,-0.525,-0.34263333333333335,0.6829666666666666,0.0,0.4435,0.3471,0.6554,0.9339,0.7656,-0.19000000000000003,0.6054666666666667,0.10543333333333334,0.5015,0.0203,0.0,0.314,0.0
O,0.3746,-0.5244333333333333,-0.34313333333333335,0.6833,0.0,0.446,0.3479,0.6653,0.9279,0.7656333333333333,-0.18989999999999999,0.6054666666666667,0.10566666666666667,0.5108,0.0114,0.0,0.321,0.0
O,0.07543333333333331,-0.46363333333333334,-0.0010666666666666602,0.45563333333333333,0.0,0.0,0.5143,1.0,1.0,0.4476,0.07553333333333336,0.4385333333333333,522.4035,1.0,0.0089,1.0,0.4064
O,0.37526666666666664,-0.5234333333333333,-0.3431666666666667,0.6836666666666668,0.0,0.431,0.3464,0.6523,0.9324,0.7658999999999999,-0.19003333333333336,0.6050333333333333,0.1062,0.5032,0.038,0.0,0.2524,0.0
O,0.375,-0.5237333333333334,-0.3431,0.6836666666666668,0.0,0.4535,0.346,0.6637,0.9083,0.7663666666666668,-0.1896,0.6046333333333334,0.1057,0.4855,0.0266,0.0,0.2552,0.0
O,0.37526666666666664,-0.5237666666666667,-0.34240000000000004,0.6838000000000001,0.0,0.4343,0.3448,0.659,0.9068,0.7662333333333334,-0.18983333333333333,0.6046666666666667,0.10613333333333334,0.4908,0.0177,0.0,0.2188,0.0
O,0.3755,-0.5241333333333333,-0.3416666666666666,0.6837333333333332,0.0,0.4343,0.3479,0.6601,0.8768,0.7665000000000001,-0.1902,0.6041,0.10643333333333332,0.4978,0.1697,0.0,0.1768,0.0
P,605.6804333333333,691.6436,365.1748,-0.3077,0.0,1.0,1.0,0.0,1.0,0.5115333333333333,440.81923333333333,479.63706666666667
P,0.1698666666666667,0.39713333333333334,-0.10613333333333332,-0.5635333333333333,0.0,0.2018,0.6788,0.6762,1.0,0.4215333333333333,-0.36166666666666664,-0.4307,917.8655666666667,0.132,0.736,1.0,0.4889
P,0.023000000000000003,0.4627666666666667,0.26496666666666663,-0.8456333333333333,0.0,1.0,0.7715,0.17,0.3554,0.7686666666666667,-0.26933333333333337,-0.5443,-0.20086666666666667,0.0,1.0,0.0,0.5785,0.0
P,-0.26643333333333336,0.3078,259.8442,605.7694666666666,0.0,0.7928,1.0,1.0,1.0,0.4467666666666667,922.4883333333333,79.63763333333334,-0.13293333333333332,0.0,1.0
P,0.16973333333333332,0.3974333333333333,-0.10403333333333335,-0.5632666666666667,0.0,0.1917,0.6784,0.6731,1.0,0.4241333333333333,-0.3593333333333333,-0.42923333333333336,910.5337,0.154,0.6752,1.0,0.4637
P,0.17003333333333334,0.3985,-0.10320000000000001,-0.5628333333333333,0.0,0.1876,0.6765,0.6725,1.0,0.4237333333333333,-0.3597333333333334,-0.4300333333333333,917.2001,0.168,0.5447,1.0,0.5379
P,0.17073333333333332,0.39893333333333336,-0.10326666666666666,-0.5625666666666667,0.0,0.1901,0.6769,0.6684,1.0,0.4230333333333333,-0.3607,-0.43029999999999996,911.8667,0.1884,0.4788,1.0,0.5295
P,0.17056666666666667,0.3993666666666667,-0.10436666666666666,-0.5625,0.0,0.1859,0.6757,0.671,1.0,0.4227666666666667,-0.36113333333333336,-0.4298666666666667,905.8671666666668,0.2218,0.3332,1.0,0.5561
P,0.16979999999999998,0.39876666666666666,-0.10539999999999998,-0.5628,0.0,0.1892,0.6746,0.6928,1.0,0.4226666666666667,-0.3614,-0.42933333333333334,911.8672333333334,0.2374,0.1862,1.0,0.5771
P,0.1696,0.39903333333333335,-0.10559999999999999,-0.5626333333333333,0.0,0.1859,0.6746,0.6705,1.0,0.4224666666666667,-0.36156666666666665,-0.4293666666666667,911.8668666666667,0.2571,0.1799,1.0,0.6317
P,0.10276666666666667,0.03053333333333332,0.1764666666666667,260.77119999999996,0.0,0.0,1.0,1.0,1.0,0.33026666666666665,-0.24623333333333333,904.6363333333334,9.533533333333333,0.2625,1.0,1.0
P,0.1712,0.4013,-0.10343333333333332,-0.5612333333333334,0.0,0.1892,0.6757,0.6751,1.0,0.42260000000000003,-0.3609,-0.4305666666666667,899.5339666666667,0.2498,0.0152,1.0,0.7241
P,0.10356666666666668,0.033366666666666656,0.1774,260.43943333333334,0.0,0.0,1.0,1.0,1.0,0.3303,-0.244,895.6357333333334,-0.13236666666666666,0.2481,1.0,1.0
P,0.023633333333333336,0.4711666666666667,0.2672,-0.8401333333333333,0.0,1.0,0.7711,0.1731,0.3509,0.7682333333333333,-0.2652666666666667,-0.5478333333333333,-0.1983,0.0,0.0,0.0,0.6149,0.0
P,0.17376666666666665,0.4038333333333333,-0.10003333333333335,-0.5596333333333333,0.0,0.1876,0.6754,0.6736,1.0,0.42373333333333335,-0.3587666666666667,-0.43226666666666663,887.2007,0.2702,0.0,1.0,0.8641
P,0.17346666666666666,0.40409999999999996,-0.10043333333333333,-0.5597,0.0,0.1809,0.6788,0.6741,1.0,0.4237,-0.35923333333333335,-0.4318666666666667,887.2003666666666,0.2728,0.0,1.0,0.9733
P,0.17343333333333333,0.40376666666666666,-0.10033333333333334,-0.5597333333333333,0.0,0.1892,0.678,0.6746,1.0,0.42386666666666667,-0.3589,-0.4318666666666667,883.2003333333333,0.2979,0.0,1.0,1.0
P,0.10623333333333333,0.034099999999999984,0.17973333333333333,259.1069333333333,0.0,0.0,1.0,1.0,1.0,0.32953333333333334,-0.24303333333333332,881.3013666666667,-0.13349999999999998,0.2815,1.0,1.0
P,0.024966666666666665,0.47113333333333335,0.27053333333333335,-0.8391333333333333,0.0,1.0,0.7673,0.1695,0.3373,0.7677666666666667,-0.26513333333333333,-0.5477,-0.20063333333333333,0.0,0.0,0.0,0.7577,0.4613
P,0.1733,0.4037,-0.0994,-0.5598,0.0,0.1792,0.6746,0.6741,1.0,0.4237333333333333,-0.35906666666666665,-0.43160000000000004,893.8661000000001,0.2972,0.0,1.0,1.0
Q,0.1918,-0.1144,0.011000000000000001,0.9747,0.0,1.0,0.7282,0.0,0.6965,0.9146333333333333,-0.2218,-0.0482,-0.3346,0.7896,0.0849,0.0,0.0116,0.0
Q,0.13083333333333333,0.2487,0.0077333333333333325,254.98326666666665,0.0,0.0,1.0,1.0,1.0,0.5938333333333333,-0.25933333333333336,431.30086666666665,2.4445333333333332,1.0,1.0,1.0
Q,0.08800000000000001,-0.07223333333333333,0.33316666666666667,0.6501333333333333,0.0,0.1826,0.577,0.5204,1.0,0.5362,-0.16443333333333335,-0.14356666666666668,415.77860000000004,1.0,0.0203,1.0,0.3896
Q,0.08706666666666667,-0.07226666666666666,0.3334,0.6502666666666667,0.0,0.1809,0.5789,0.5209,1.0,0.5363333333333333,-0.1645,-0.14343333333333333,425.44593333333336,1.0,0.0,1.0,0.4036
Q,0.1870666666666667,-0.11516666666666665,0.0122,0.9754999999999999,0.0,1.0,0.724,0.0,0.6875,0.9161,-0.22153333333333333,-0.04993333333333333,-0.33043333333333336,0.7966,0.0152,0.0,0.0116,0.0
Q,0.12803333333333333,0.2484666666666667,0.008,254.9838,0.0,0.0,1.0,1.0,1.0,0.5943333333333333,-0.2571333333333333,428.2999333333333,-0.21973333333333334,1.0,1.0,1.0
Q,0.08539999999999999,-0.07263333333333334,0.3333333333333333,0.6505333333333333,0.0,0.1784,0.5732,0.5158,1.0,0.5376333333333333,-0.16369999999999998,-0.14306666666666665,423.44703333333337,1.0,0.0266,1.0,0.4567
Q,0.08553333333333334,-0.07229999999999999,0.3334333333333333,0.6505333333333333,0.0,0.1834,0.5728,0.5189,1.0,0.5376333333333333,-0.16340000000000002,-0.1429,425.44686666666666,1.0,0.0519,1.0,0.4539
Q,0.12786666666666666,0.24960000000000002,0.008333333333333333,256.65066666666667,0.0,0.0,1.0,1.0,1.0,0.5950333333333334,-0.2561,412.6340666666667,0.447,1.0,1.0,1.0
Q,0.0855,-0.07143333333333333,0.33380000000000004,0.6507333333333333,0.0,0.1817,0.5728,0.5215,1.0,0.5382333333333333,-0.1625,-0.1418,424.7805333333333,1.0,0.0,1.0,0.4134
Q,0.08536666666666666,-0.07116666666666667,0.3336666666666666,0.6507999999999999,0.0,0.1651,0.5713,0.5215,1.0,0.5386333333333333,-0.16173333333333334,-0.14153333333333332,410.7806,1.0,0.0279,1.0,0.398
Q,0.08523333333333334,-0.07086666666666668,0.3335333333333333,0.6509,0.0,0.1726,0.5709,0.5204,1.0,0.5388666666666667,-0.1615,-0.1411,412.44759999999997,1.0,0.0469,1.0,0.4344
Q,0.08513333333333334,-0.0702,0.33383333333333337,0.6510666666666667,0.0,0.1717,0.5682,0.5189,1.0,0.5393,-0.1609,-0.1403,408.78133333333335,1.0,0.0735,1.0,0.4302
Q,0.08513333333333334,-0.06963333333333334,0.3340666666666667,0.6511333333333333,0.0,0.1734,0.5732,0.5168,1.0,0.5394666666666666,-0.1607333333333333,-0.1398,406.4482666666667,1.0,0.0114,1.0,0.412
Q,0.08523333333333334,-0.06953333333333334,0.334,0.6511333333333333,0.0,0.1742,0.5679,0.5168,1.0,0.5392666666666667,-0.16123333333333334,-0.1399,403.11516666666665,1.0,0.0,1.0,0.4106
Q,0.08516666666666667,-0.06923333333333333,0.33393333333333336,0.6512333333333333,0.0,0.2084,0.5736,0.5142,1.0,0.5392333333333333,-0.1612333333333333,-0.1396666666666667,399.78206666666665,1.0,0.0,1.0,0.4372
Q,0.18299999999999997,-0.10963333333333335,0.012633333333333335,0.9769,0.0,1.0,0.724,0.0,0.701,0.9185,-0.21833333333333335,-0.0457,-0.3265,0.9101,0.0,0.0,0.0,0.0
Q,0.18283333333333332,-0.10973333333333334,0.0121,0.9769,0.0,1.0,0.7221,0.0,0.692,0.9186,-0.21833333333333335,-0.046066666666666665,-0.32606666666666667,0.8871,0.0101,0.0,0.0396,0.0
Q,0.18289999999999998,-0.11063333333333335,0.011099999999999999,0.9768,0.0,1.0,0.7248,0.0,0.7085,0.9188,-0.21796666666666667,-0.04753333333333334,-0.32563333333333333,0.8957,0.0,0.0,0.027,0.0
Q,0.1827,-0.11196666666666666,0.010566666666666667,0.9767,0.0,1.0,0.7213,0.0,0.698,0.9189000000000002,-0.2178,-0.04893333333333333,-0.3253,0.8924,0.0,0.0,0.0,0.0
R,0.056400000000000006,260.9758,612.4975666666667,649.1314333333333,0.0,1.0,1.0,1.0,1.0,594.5585666666667,-0.6147333333333334,0.05536666666666667,497.8869666666667,0.5155
R,-0.12173333333333332,-0.2793333333333333,-0.10416666666666667,-0.5330666666666667,0.0,0.1676,0.7115,0.8812,1.0,-0.0816,-0.5876333333333333,-0.0018666666666666692,592.8886,0.8757,0.0,1.0,0.6051
R,0.08700000000000001,-0.5394,0.24226666666666666,-0.8017666666666666,0.0,1.0,0.7506,0.3439,1.0,0.3356666666666666,-0.9236666666666666,0.08096666666666667,-0.16606666666666667,0.2725,0.0,0.0,0.048,0.4259
R,-0.12126666666666668,-0.2795,-0.1063,-0.5344,0.0,0.1576,0.7031,0.8651,1.0,-0.08426666666666666,-0.5892333333333334,-0.0019333333333333286,592.2228666666666,0.8757,0.0,1.0,0.5785
R,-0.12096666666666667,-0.28076666666666666,-0.10726666666666668,-0.5339999999999999,0.0,0.1542,0.7046,0.8656,1.0,-0.08393333333333335,-0.5893666666666667,-0.0017333333333333413,576.8905,0.8791,0.0,1.0,0.4791
R,0.13923333333333335,-0.6283333333333333,0.15886666666666668,260.79946666666666,0.0,0.0467,1.0,1.0,1.0,0.2503,-0.6706333333333333,592.7199666666667,-0.10840000000000001,0.8831,1.0,1.0
R,-0.20686666666666667,-0.36200000000000004,265.15836666666667,613.4664,0.0,0.9037,1.0,1.0,1.0,0.16943333333333332,582.0501,0.0532,-0.1075,0.3933,1.0
R,-0.12046666666666667,-0.2836,-0.10986666666666667,-0.5337333333333333,0.0,0.1426,0.6985,0.862,1.0,-0.08546666666666668,-0.5902999999999999,-0.00033333333333333365,571.2267,0.8814,0.0,1.0,0.5701
R,0.13906666666666667,-0.6291666666666667,0.15636666666666665,262.4660666666667,0.0,0.0492,1.0,1.0,1.0,0.2491,-0.6703,577.0532333333333,-0.106,0.8861,1.0,1.0
R,-0.11976666666666669,-0.2840666666666667,-0.11083333333333334,-0.534,0.0,0.1459,0.697,0.8511,1.0,-0.08670000000000001,-0.5906666666666667,0.0007333333333333312,575.5612,0.8894,0.0,1.0,0.6163
R,0.09226666666666666,-0.5431333333333334,0.2336666666666667,-0.8011333333333334,0.0,1.0,0.7483,0.3174,1.0,0.3331,-0.9261,0.0807,-0.1575,0.3489,0.0,0.0,0.0508,0.5852
R,-0.11913333333333333,-0.2848,-0.11216666666666668,-0.5341333333333333,0.0,0.1442,0.6928,0.8532,1.0,-0.08646666666666669,-0.5907333333333333,0.0015666666666666652,580.8960666666667,0.9034,0.0,1.0,0.6695
R,-0.11913333333333331,-0.2853,-0.11266666666666668,-0.5341333333333333,0.0,0.1442,0.6936,0.8397,1.0,-0.08696666666666668,-0.5908333333333333,0.0020999999999999955,580.5631999999999,0.9184,0.0,1.0,0.7059
R,0.13926666666666668,-0.6297,0.15373333333333333,265.46573333333333,0.0,0.0367,1.0,1.0,1.0,0.24783333333333335,-0.6699333333333334,585.3874,-0.10353333333333332,0.9194,1.0,1.0
R,0.09306666666666667,-0.5434333333333333,0.23006666666666664,-0.8019,0.0,1.0,0.7426,0.3014,1.0,0.3293333333333333,-0.9277666666666665,0.08143333333333333,-0.15553333333333333,0.3132,0.0,0.0,0.0914,0.8862
R,0.0933,-0.5434333333333333,0.2299,-0.8019333333333334,0.0,1.0,0.7407,0.3034,1.0,0.3284,-0.9278666666666666,0.08253333333333333,-0.15643333333333334,0.3282,0.0,0.0,0.1894,0.7951
R,-0.11883333333333335,-0.28540000000000004,-0.11410000000000002,-0.5347666666666667,0.0,0.1426,0.6917,0.8418,1.0,-0.09069999999999999,-0.5907,0.003266666666666663,560.8949333333334,0.9174,0.0,1.0,0.7577
R,0.0936,-0.5425666666666666,0.2298,-0.8025666666666668,0.0,1.0,0.7358,0.2951,1.0,0.32739999999999997,-0.9277000000000001,0.084,-0.15836666666666668,0.3403,0.0,0.0,0.1026,0.9545
R,0.09323333333333333,-0.5422333333333333,0.22976666666666667,-0.8028,0.0,1.0,0.74,0.2915,1.0,0.3267333333333333,-0.9278666666666666,0.08466666666666667,-0.1586,0.3386,0.0,0.0,0.1516,0.8432
R,0.09326666666666666,-0.5419333333333333,0.22956666666666667,-0.8030333333333334,0.0,1.0,0.7373,0.2946,1.0,0.3262,-0.9279333333333333,0.08503333333333334,-0.1591,0.3439,0.0,0.0,0.1684,0.8053
T,0.36719999999999997,-0.08423333333333333,-0.43039999999999995,0.8203,0.0,1.0,0.7001,0.0,0.7521,0.7279666666666667,-0.08203333333333333,0.05253333333333334,-0.6786333333333333,0.0,1.0,1.0,0.0,0.0
T,0.09913333333333334,0.21873333333333334,-0.28733333333333333,261.88100000000003,0.0,0.0,1.0,1.0,1.0,0.5037,-0.28063333333333335,913.3679666666667,353.8821666666667,0.0,1.0,1.0
T,0.21406666666666666,-0.19673333333333334,-0.013333333333333345,0.5486666666666666,0.0,0.1259,0.5857,0.5921,1.0,0.46080000000000004,-0.036533333333333334,-0.18976666666666667,917.2168666666666,0.0,1.0,1.0,0.0
T,0.09489999999999998,0.22329999999999997,-0.2875666666666667,265.21633333333335,0.0,0.0,1.0,1.0,1.0,0.5064666666666666,-0.27806666666666663,906.3689666666668,426.55120000000005,0.0,1.0,1.0
T,0.09270000000000002,0.22496666666666668,-0.28786666666666666,261.55053333333336,0.0,0.0,1.0,1.0,1.0,0.5072,-0.27796666666666664,919.3690333333334,423.5519,0.0,1.0,1.0
T,0.21056666666666665,-0.19286666666666666,-0.01203333333333334,0.5513,0.0,0.1259,0.58,0.591,1.0,0.46246666666666675,-0.0365,-0.18766666666666665,921.2189666666667,0.0,1.0,1.0,0.0
T,0.09113333333333333,0.22793333333333332,-0.28713333333333335,262.88523333333336,0.0,0.0,1.0,1.0,1.0,0.5077999999999999,-0.2789,917.0366333333333,425.55223333333333,0.0,1.0,1.0
T,0.5105666666666667,-0.047099999999999996,261.0464666666667,638.8855666666667,0.0,0.8612,1.0,1.0,1.0,0.26489999999999997,910.2774333333333,434.37059999999997,273.88516666666663,0.0,1.0
T,0.21093333333333333,-0.18996666666666664,-0.010300000000000012,0.5525333333333333,0.0,0.0975,0.5553,0.5915,1.0,0.4603333333333333,-0.0375,-0.1868,909.5513666666667,0.0,1.0,1.0,0.0
T,0.21053333333333332,-0.18976666666666664,-0.009633333333333308,0.5529666666666667,0.0,0.0934,0.55,0.6014,1.0,0.45986666666666665,-0.037766666666666664,-0.1869333333333333,917.8844,0.0,1.0,1.0,0.0
T,0.09016666666666667,0.2300333333333333,-0.2862,261.8865,0.0,0.0,0.9975,1.0,1.0,0.507,-0.28123333333333334,924.3713333333334,451.8843,0.0,1.0,1.0
T,0.08963333333333333,0.23066666666666666,-0.2862,263.5534,0.0,0.0,0.9903,1.0,1.0,0.5077333333333334,-0.2809333333333333,918.3723666666666,450.8848,0.0,1.0,1.0
T,0.08906666666666667,0.23116666666666666,-0.2866,261.8867666666667,0.0,0.0,0.993,1.0,1.0,0.5084333333333333,-0.28023333333333333,921.7066,422.88509999999997,0.0,1.0,1.0
T,0.08729999999999999,0.23153333333333334,-0.2874333333333334,262.22023333333334,0.0,0.0,0.9949,1.0,1.0,0.5084666666666667,-0.27973333333333333,903.3734,339.8849,0.0,1.0,1.0
T,0.08683333333333332,0.23113333333333333,-0.2876666666666667,262.5536,0.0,0.0,0.9926,1.0,1.0,0.508,-0.27943333333333337,905.0392666666667,360.88463333333334,0.0,1.0,1.0
T,0.5075,-0.0458,261.0457,645.8868666666666,0.0,0.8595,1.0,1.0,1.0,0.2635,906.6119333333332,315.3728,283.21753333333334,0.0,1.0
T,0.08710000000000001,0.2311333333333333,-0.28786666666666666,262.88666666666666,0.0,0.0,0.9922,1.0,1.0,0.5073666666666666,-0.27906666666666663,906.0396999999999,303.2169,0.0,1.0,1.0
T,0.08723333333333333,0.23086666666666666,-0.2878,261.8866,0.0,0.0,0.9918,1.0,1.0,0.5068,-0.27926666666666666,899.0396000000001,292.54966666666667,0.0,1.0,1.0
T,0.2086,-0.18999999999999997,-0.010533333333333358,0.5533333333333333,0.0,0.085,0.55,0.6076,1.0,0.45940000000000003,-0.0345,-0.1858,896.5491999999999,0.0,1.0,1.0,0.0
T,0.08823333333333333,0.23053333333333334,-0.28723333333333334,261.8865666666667,0.0,0.0,0.9911,1.0,1.0,0.5061,-0.2798333333333333,890.7064333333333,268.5489666666667,0.0,1.0,1.0
U,0.5003666666666666,-0.3038,-0.5388333333333334,0.6058333333333333,0.0,1.0,0.7293,0.0397,0.4906,0.7122,-0.28583333333333333,0.6051333333333333,0.212,0.6968,0.0,0.0,0.3,0.2261
U,0.5000333333333333,-0.30613333333333337,-0.5401333333333334,0.6037333333333333,0.0,1.0,0.7267,0.0366,0.4711,0.7109,-0.2888,0.6045333333333334,0.2137,0.6708,0.0,0.0,0.2412,0.2893
U,0.2301,-0.3847333333333333,-0.15829999999999997,0.4030666666666667,0.0,0.1826,0.6172,0.6014,1.0,0.37599999999999995,0.006000000000000005,0.47383333333333333,468.47679999999997,1.0,0.0,1.0,0.6695
U,0.23013333333333333,-0.38400000000000006,-0.15756666666666666,0.40386666666666665,0.0,0.1709,0.6127,0.5988,1.0,0.3763666666666667,0.005833333333333339,0.47323333333333334,458.8091,1.0,0.0,1.0,0.6639
U,0.23053333333333334,-0.38326666666666664,-0.15679999999999997,0.40440000000000004,0.0,0.1967,0.618,0.5988,1.0,0.37620000000000003,0.0060666666666666464,0.47330000000000005,462.142,1.0,0.0,1.0,0.7003
U,0.23136666666666664,-0.3825333333333334,-0.15606666666666666,0.4046666666666667,0.0,0.1809,0.6195,0.6004,1.0,0.3751,0.005266666666666679,0.4737,462.47616666666664,1.0,0.0,1.0,0.6639
U,0.1547666666666667,-0.0011666666666666676,-0.35833333333333334,254.07073333333335,0.0,0.0,1.0,1.0,1.0,0.6744,-0.12413333333333333,464.06919999999997,0.14259999999999998,1.0,1.0,1.0
U,0.5009333333333333,-0.30583333333333335,-0.5381,0.6049333333333333,0.0,1.0,0.7225,0.0319,0.4741,0.7094,-0.2938,0.6036666666666667,0.2145,0.6481,0.0,0.0,0.2762,0.0541
U,0.5009333333333333,-0.3063,-0.5382,0.6046333333333334,0.0,1.0,0.7286,0.0335,0.4831,0.709,-0.2951333333333333,0.6031,0.2157,0.6714,0.0,0.0,0.2272,0.0061
U,0.23196666666666665,-0.3831333333333333,-0.15710000000000002,0.4033333333333333,0.0,0.1726,0.6119,0.5957,1.0,0.3745666666666667,0.0042333333333333485,0.47376666666666667,465.14393333333334,1.0,0.0,1.0,0.6275
U,0.5011666666666666,-0.3055,-0.5385333333333333,0.6046333333333334,0.0,1.0,0.7213,0.0298,0.4545,0.7091666666666666,-0.29516666666666663,0.6027,0.21616666666666665,0.6654,0.0,0.0,0.2748,0.0415
U,0.23193333333333335,-0.38316666666666666,-0.1572,0.4035333333333333,0.0,0.1692,0.6115,0.5967,1.0,0.37440000000000007,0.0037333333333333294,0.4736666666666666,448.14450000000005,1.0,0.0,1.0,0.5757
U,0.2323666666666667,-0.3821333333333334,-0.15569999999999998,0.4044666666666667,0.0,0.1701,0.6169,0.5973,1.0,0.37343333333333334,0.003033333333333351,0.4740666666666667,470.8114,1.0,0.0,1.0,0.5155
U,0.5006333333333334,-0.305,-0.537,0.6066,0.0,1.0,0.7263,0.0304,0.4696,0.7074333333333334,-0.298,0.6027666666666667,0.21776666666666666,0.6614,0.0,0.0,0.1474,0.0
U,0.2316,-0.3828333333333333,-0.15610000000000002,0.4042333333333333,0.0,0.1851,0.6134,0.5962,1.0,0.3719666666666667,0.0017666666666666757,0.4744,474.1451,1.0,0.0,1.0,0.5771
U,0.5006,-0.30613333333333337,-0.5370666666666667,0.606,0.0,1.0,0.7244,0.0247,0.4831,0.7071333333333333,-0.2991,0.6027,0.21753333333333333,0.6444,0.0,0.0,0.1124,0.0
U,0.23183333333333334,-0.3835,-0.1559666666666667,0.4037,0.0,0.1709,0.6153,0.5983,1.0,0.3714666666666666,0.0015666666666666607,0.47456666666666664,484.47836666666666,1.0,0.0,1.0,0.5267
U,0.2321333333333333,-0.3834,-0.15610000000000002,0.4034333333333333,0.0,0.1851,0.61,0.5905,1.0,0.3715333333333333,0.001399999999999994,0.47436666666666666,475.8117333333333,1.0,0.0,1.0,0.4441
U,0.5013333333333333,-0.3066,-0.5372,0.6051,0.0,1.0,0.7236,0.0298,0.4951,0.7072333333333334,-0.29933333333333334,0.6023333333333333,0.21776666666666666,0.6297,0.0,0.0,0.0452,0.0
U,0.5011666666666666,-0.3065333333333333,-0.5376,0.6048666666666667,0.0,1.0,0.7244,0.0288,0.4636,0.7074666666666666,-0.2994,0.602,0.21796666666666664,0.628,0.0,0.0,0.0802,0.0
V,0.6008333333333333,-0.5276,-0.27623333333333333,0.5332666666666667,0.0,0.9529,0.2909,0.0,0.9128,0.7136333333333335,-0.2541,0.6254,0.18726666666666666,0.602,0.0,0.0,0.0872,0.0
V,0.2243666666666667,-0.4445666666666666,-0.006900000000000017,0.3548,0.0,0.0,0.3015,0.5864,1.0,0.3908333333333333,0.0396,0.47986666666666666,476.4584,1.0,0.0,1.0,0.5015
V,0.6009333333333333,-0.5287333333333333,-0.27626666666666666,0.5319666666666667,0.0,0.9671,0.2905,0.0,0.9068,0.7132,-0.2531,0.6263333333333333,0.1870333333333333,0.614,0.0,0.0,0.1264,0.0
V,0.6014333333333334,-0.5282666666666667,-0.2759666666666667,0.5320333333333334,0.0,0.9679,0.2958,0.0,0.8963,0.7126666666666667,-0.2531,0.6268666666666667,0.18730000000000002,0.6317,0.0,0.0,0.202,0.0
V,0.6025333333333333,-0.5272666666666667,-0.2755666666666667,0.532,0.0,0.9496,0.2924,0.0,0.8963,0.7127333333333333,-0.2527,0.6269333333333333,0.18733333333333335,0.6243,0.0,0.0,0.1236,0.0
V,0.22713333333333333,-0.442,-0.005833333333333339,0.3552666666666666,0.0,0.0,0.3099,0.5781,1.0,0.3913333333333333,0.0408,0.48013333333333336,480.7914333333333,1.0,0.0,1.0,0.4679
V,0.22840000000000002,-0.44039999999999996,-0.0045333333333333154,0.3561,0.0,0.0,0.3042,0.5817,1.0,0.39136666666666664,0.04086666666666668,0.4803,486.4583,1.0,0.0,1.0,0.5421
V,0.22863333333333336,-0.4401,-0.0045666666666666815,0.35636666666666666,0.0,0.0,0.2989,0.5926,1.0,0.3914333333333333,0.040800000000000024,0.4802,474.1249,1.0,0.0,1.0,0.4959
V,0.22870000000000001,-0.4399666666666667,-0.004466666666666674,0.35646666666666665,0.0,0.0,0.3034,0.591,1.0,0.3916,0.04083333333333331,0.48009999999999997,481.1247,1.0,0.0,1.0,0.5337
V,0.2280333333333333,-0.44049999999999995,-0.004800000000000008,0.3564,0.0,0.0,0.2951,0.5853,1.0,0.3917333333333333,0.040633333333333334,0.47983333333333333,481.1245666666667,1.0,0.0,1.0,0.5855
V,0.3114333333333333,-0.17086666666666664,-0.18256666666666668,270.68963333333335,0.0,0.0,0.765,1.0,1.0,0.6847666666666666,-0.106,480.4173666666666,0.12423333333333335,1.0,1.0,1.0
V,0.22866666666666668,-0.44036666666666663,-0.004399999999999997,0.35600000000000004,0.0,0.0,0.3031,0.5869,1.0,0.39189999999999997,0.04033333333333333,0.47936666666666666,488.4573666666667,1.0,0.0,1.0,0.5659
V,0.22876666666666665,-0.4407666666666667,-0.004600000000000011,0.3552666666666667,0.0,0.0,0.3031,0.5869,1.0,0.3922333333333334,0.04046666666666667,0.47900000000000004,483.45686666666666,1.0,0.0,1.0,0.4623
V,0.6058333333333333,-0.524,-0.27296666666666664,0.5328333333333334,0.0,0.9612,0.286,0.0,0.8993,0.7146666666666667,-0.2523,0.6256,0.1852,0.6247,0.0,0.0,0.1642,0.0
V,0.22990000000000002,-0.4397,-0.0041999999999999815,0.3552666666666667,0.0,0.0,0.3046,0.5516,1.0,0.39243333333333336,0.04033333333333333,0.47869999999999996,481.7900666666667,1.0,0.0,1.0,0.5197
V,0.6070666666666666,-0.5224333333333333,-0.27276666666666666,0.5331,0.0,0.9762,0.289,0.0,0.8903,0.7148,-0.2523,0.6254,0.1852,0.6277,0.0,0.0,0.2272,0.0
V,0.6074,-0.5227,-0.27266666666666667,0.5324666666666666,0.0,0.9379,0.2951,0.0,0.8738,0.7150666666666666,-0.2524,0.6250333333333333,0.18523333333333333,0.6394,0.0,0.0,0.1894,0.0
V,0.6073333333333334,-0.5240333333333334,-0.27343333333333336,0.5308,0.0,0.9821,0.297,0.0,0.8888,0.7152,-0.2526333333333333,0.6247,0.18556666666666666,0.6233,0.0,0.0,0.2398,0.0
V,0.22986666666666666,-0.44036666666666663,-0.005666666666666671,0.35423333333333334,0.0,0.0,0.3027,0.5952,1.0,0.393,0.03973333333333332,0.4779333333333333,482.4569333333333,1.0,0.0,1.0,0.5477
V,0.6071666666666666,-0.5231,-0.27403333333333335,0.5316666666666666,0.0,0.9554,0.2951,0.0,0.8948,0.7157,-0.25279999999999997,0.624,0.1857,0.6324,0.0,0.0,0.2244,0.0
X,0.08006666666666667,0.3351,-0.16803333333333334,0.9236,0.0,1.0,0.7806,0.0,0.7791,0.8023000000000001,-0.4652,0.04700000000000001,-0.3710333333333333,0.0,1.0,1.0,0.0,0.2008
X,0.16496666666666668,0.1673,0.1955,0.6156666666666667,0.0,0.2026,0.6184,0.5812,1.0,0.37986666666666674,-0.294,-0.09223333333333332,895.4187666666667,0.0789,1.0,1.0,0.2188
X,0.16473333333333334,0.16706666666666667,0.1953,0.6157333333333334,0.0,0.2234,0.6203,0.5708,1.0,0.3799333333333334,-0.2933,-0.09219999999999999,908.7514,0.0779,1.0,1.0,0.2286
X,0.16479999999999997,0.16686666666666664,0.1951333333333333,0.6157333333333334,0.0,0.2051,0.6077,0.5739,1.0,0.37989999999999996,-0.293,-0.0923,898.4173999999999,0.0896,1.0,1.0,0.2356
X,0.3610333333333333,0.22316666666666665,255.55416666666667,607.6157333333333,0.0,0.9087,1.0,1.0,1.0,0.4095,893.3576666666667,193.36586666666668,261.41686666666664,0.0,1.0
X,-0.0032333333333333333,0.5309,-0.1124,256.9492,0.0,0.0,1.0,1.0,1.0,0.5502333333333334,-0.43406666666666666,893.0322333333334,179.08303333333333,0.0,1.0,1.0
X,0.16423333333333334,0.16676666666666665,0.1957,0.6159666666666667,0.0,0.2001,0.6085,0.5734,1.0,0.37979999999999997,-0.2926,-0.0932,896.4162,0.0986,1.0,1.0,0.2076
X,0.3605333333333334,0.22263333333333332,254.88789999999997,608.9494,0.0,0.9112,1.0,1.0,1.0,0.4089666666666667,886.6918333333333,176.0318,272.0825,0.0,1.0
X,-0.0036999999999999997,0.5305666666666666,-0.11183333333333334,254.28286666666668,0.0,0.0,1.0,1.0,1.0,0.5499333333333334,-0.43396666666666667,905.0318000000001,163.08216666666667,0.0148,1.0,1.0
X,0.16346666666666668,0.16613333333333333,0.19610000000000002,0.6163,0.0,0.1976,0.6104,0.5744,1.0,0.37979999999999997,-0.2924333333333333,-0.09433333333333334,896.4149000000001,0.1249,1.0,1.0,0.3056
X,0.16326666666666664,0.16586666666666666,0.19636666666666666,0.6164333333333333,0.0,0.1917,0.6074,0.5775,1.0,0.3797,-0.29236666666666666,-0.09433333333333332,892.0812333333333,0.1386,1.0,1.0,0.3784
X,-0.0034666666666666643,0.5299666666666667,-0.1119,254.28313333333332,0.0,0.0,1.0,1.0,1.0,0.5496,-0.4342,887.6984666666667,147.08073333333334,0.0168,1.0,1.0
X,0.16343333333333335,0.16566666666666666,0.19636666666666666,0.6164666666666666,0.0,0.1859,0.6093,0.5734,1.0,0.37923333333333337,-0.2921,-0.09453333333333334,879.7469,0.1547,1.0,1.0,0.3112
X,0.1635,0.16540000000000002,0.19636666666666666,0.6165666666666666,0.0,0.2001,0.6081,0.5697,1.0,0.3789,-0.2922,-0.09453333333333334,885.0795666666667,0.1466,1.0,1.0,0.3686
X,0.16396666666666668,0.16533333333333333,0.19610000000000002,0.6164666666666666,0.0,0.2084,0.6062,0.5723,1.0,0.37853333333333333,-0.29183333333333333,-0.09426666666666667,893.4121666666666,0.153,1.0,1.0,0.349
X,0.16473333333333331,0.16546666666666665,0.1960333333333333,0.6163666666666666,0.0,0.1892,0.6028,0.5682,1.0,0.37823333333333337,-0.2914,-0.09396666666666666,883.7450333333333,0.186,1.0,1.0,0.3028
X,-0.0018666666666666647,0.5295666666666666,-0.1124,256.9496,0.0,0.0,1.0,1.0,1.0,0.549,-0.4356,890.3670333333333,100.74456666666667,0.0248,1.0,1.0
X,-0.0019333333333333331,0.5295333333333333,-0.11226666666666667,256.61633333333333,0.0,0.0,1.0,1.0,1.0,0.5489333333333334,-0.4359,884.7005333333333,97.07776666666666,0.0094,1.0,1.0
X,0.0812,0.3324,-0.16793333333333335,0.9245,0.0,1.0,0.7475,0.0,0.8783,0.7980333333333333,-0.4624333333333333,0.05093333333333333,-0.38306666666666667,0.0,1.0,1.0,0.0,0.3298
X,0.0808,0.33296666666666663,-0.1676,0.9244,0.0,1.0,0.7491,0.0,0.8407,0.7979666666666668,-0.4628333333333334,0.051166666666666666,-0.38253333333333334,0.0,1.0,1.0,0.0,0.4487
Z,0.17190000000000003,0.0891,0.15016666666666667,-0.9695,0.0,0.0,0.4546,0.0,0.3854,0.7089333333333333,-0.4154333333333333,-0.46080000000000004,-0.3353,0.0772,0.0,0.0,0.1922,1.0
Z,0.14386666666666667,0.10993333333333333,-0.223,-0.6464,0.0,0.0,0.4106,0.5526,1.0,0.3343666666666667,-0.43063333333333337,-0.4183666666666667,655.7764666666667,0.7422,0.0,1.0,0.9425
Z,0.1641,-0.25906666666666667,0.09983333333333333,511.0206333333333,0.0,0.0,0.8304,1.0,1.0,0.32,-0.3891,664.6939,-0.22383333333333333,0.7462,1.0,1.0
Z,0.14759999999999998,0.11506666666666665,-0.22253333333333333,-0.6456333333333334,0.0,0.0,0.4098,0.55,1.0,0.33486666666666665,-0.42960000000000004,-0.4184333333333334,658.7752666666667,0.7275,0.0,1.0,0.8529
Z,0.14896666666666666,0.11616666666666668,-0.2218,-0.6453333333333333,0.0,0.0,0.4094,0.5542,1.0,0.3349666666666667,-0.4288,-0.41913333333333336,666.7743666666667,0.7445,0.0,1.0,0.8109
Z,0.1673,-0.2558333333333333,0.10113333333333334,511.0215666666666,0.0,0.0,0.8334,1.0,1.0,0.3199,-0.3885,682.0271666666666,-0.22619999999999998,0.7429,1.0,1.0
Z,0.15013333333333334,0.11753333333333334,-0.22173333333333334,-0.6451333333333333,0.0,0.0,0.4113,0.5594,1.0,0.3336333333333334,-0.42863333333333337,-0.4203666666666666,668.1063333333333,0.7479,0.0,1.0,0.8627
Z,0.15036666666666668,0.11770000000000001,-0.22183333333333333,-0.6451333333333333,0.0,0.0,0.4026,0.5521,1.0,0.3307333333333333,-0.4311666666666667,-0.42460000000000003,671.7705666666667,0.7409,0.0,1.0,0.8571
Z,-0.20646666666666666,0.06733333333333334,510.43339999999995,704.3547,0.0,0.0,1.0,1.0,1.0,0.3526,663.0554,-0.3085333333333333,-0.23063333333333333,0.2662,1.0
Z,0.1737,0.10049999999999999,0.1498,-0.9681000000000001,0.0,0.0,0.4311,0.0,0.4365,0.7007,-0.41923333333333335,-0.46069999999999994,-0.34789999999999993,0.0896,0.0,0.0,0.2034,1.0
Z,0.17379999999999998,0.10153333333333332,0.15013333333333334,-0.9679666666666668,0.0,0.0,0.4311,0.0,0.435,0.6994666666666666,-0.42006666666666664,-0.45999999999999996,-0.35023333333333334,0.1263,0.0,0.0,0.167,1.0
Z,0.15013333333333334,0.11836666666666666,-0.22240000000000001,-0.6452,0.0,0.0,0.3851,0.5729,1.0,0.32486666666666664,-0.4343333333333333,-0.42313333333333336,652.0980333333333,0.7796,0.0,1.0,0.8515
Z,0.1499,0.11813333333333333,-0.22246666666666667,-0.6452666666666667,0.0,0.0,0.4049,0.5547,1.0,0.32393333333333335,-0.43470000000000003,-0.42219999999999996,652.7632666666667,0.7676,0.0,1.0,0.8991
Z,0.15043333333333334,0.11886666666666668,-0.22256666666666666,-0.6451333333333333,0.0,0.0,0.4003,0.55,1.0,0.32280000000000003,-0.43483333333333335,-0.42230000000000006,656.7617333333334,0.7762,0.0,1.0,0.9215
Z,0.15083333333333335,0.1211,-0.22366666666666668,-0.6452,0.0,0.0,0.4075,0.5547,1.0,0.32136666666666663,-0.43546666666666667,-0.4218,644.0943,0.7839,0.0,1.0,0.9047
Z,0.15203333333333333,0.12096666666666667,-0.22293333333333334,-0.6449,0.0,0.0,0.4102,0.5588,1.0,0.322,-0.43439999999999995,-0.4227666666666667,640.0931333333333,0.7843,0.0,1.0,0.9019
Z,0.17593333333333336,0.1073,0.15036666666666668,-0.9669333333333333,0.0,0.0,0.4451,0.0,0.453,0.6944333333333333,-0.42440000000000005,-0.4544333333333333,-0.3622,0.1476,0.0,0.0,0.244,1.0
Z,0.17616666666666667,0.10743333333333333,0.15066666666666667,-0.9668333333333333,0.0,0.0,0.4486,0.0,0.4215,0.6932333333333333,-0.42546666666666666,-0.4537,-0.3640666666666667,0.1617,0.0,0.0,0.2944,1.0
Z,-0.2051333333333333,0.07150000000000001,505.76669999999996,700.3553333333333,0.0,0.0,1.0,1.0,1.0,0.3397666666666667,638.0485,-0.30106666666666665,-0.24416666666666664,0.3179,1.0
Z,0.1753,0.10706666666666666,0.14956666666666665,-0.9672,0.0,0.0,0.4417,0.0,0.3929,0.6916333333333333,-0.42850000000000005,-0.4501,-0.3680666666666667,0.1296,0.0,0.0,0.2202,1.0
